,CIA_title,Year,level,type_cat,fwci_awarded,pubs_awarded
0,A/Pr,2015,2,2,1.886363636363636,108.0
1,Dr,2015,1,2,1.583333333333333,7.0
2,Dr,2015,1,2,1.583333333333333,15.0
3,Dr,2015,1,2,1.698888888888889,18.0
4,Dr,2015,1,2,,
5,Dr,2015,1,2,1.141,37.0
6,Dr,2015,1,2,2.806,85.0
7,A/Pr,2015,2,2,1.944545454545455,128.0
8,Dr,2015,1,2,3.96875,23.0
9,Dr,2015,1,2,,
10,Dr,2015,1,2,2.08,49.0
11,Dr,2015,1,2,,
12,A/Pr,2015,2,2,1.632727272727273,74.0
13,A/Pr,2015,2,2,4.178181818181819,93.0
14,Dr,2015,1,2,1.806,55.0
15,Dr,2015,1,2,1.37,22.0
16,Dr,2015,1,2,1.2,1.0
17,Dr,2015,1,2,3.912999999999999,33.0
18,A/Pr,2015,2,2,2.242,105.0
19,Dr,2015,1,2,0.7400000000000001,10.0
20,Dr,2015,1,2,1.234444444444444,35.0
21,Dr,2015,1,2,,
22,Dr,2015,1,2,2.114285714285714,61.0
23,Dr,2015,1,2,1.3725,87.0
24,Dr,2015,1,2,4.03,28.0
25,Dr,2015,1,2,,
26,Dr,2015,1,2,1.301818181818182,31.0
27,A/Pr,2015,2,2,3.226363636363637,102.0
28,Dr,2015,1,2,3.4375,31.0
29,A/Pr,2015,2,2,0.6781818181818181,57.0
30,Dr,2015,1,2,2.808888888888889,37.0
31,A/Pr,2015,2,2,,
32,Dr,2015,1,2,3.24,43.0
33,Dr,2015,1,2,,
34,A/Pr,2015,2,2,1.996363636363636,77.0
35,Dr,2015,1,2,1.958888888888889,68.0
36,Dr,2015,1,2,1.314444444444445,54.0
37,Dr,2015,1,2,0.866,7.0
38,Dr,2015,1,2,0.87375,29.0
39,Dr,2015,1,2,2.274444444444444,27.0
40,Dr,2015,1,2,,
41,A/Pr,2015,2,2,3.863636363636364,123.0
42,A/Pr,2015,2,2,3.275000000000001,52.0
43,Dr,2015,1,2,2.037272727272727,48.0
44,A/Pr,2015,2,2,16.729,107.0
45,Dr,2015,1,2,1.345454545454545,55.0
46,A/Pr,2015,2,2,,
47,Dr,2015,1,2,2.402,74.0
48,Dr,2015,1,2,1.35625,27.0
49,A/Pr,2015,2,2,3.388181818181818,174.0
50,A/Pr,2015,2,2,,
51,Dr,2015,1,2,6.458333333333333,81.0
52,Dr,2015,1,2,10.32,3.0
53,A/Pr,2015,2,2,2.39,109.0
54,A/Pr,2015,2,2,2.546363636363636,65.0
55,Dr,2015,1,1,1.597142857142857,39.0
56,Dr,2015,1,1,2.18,16.0
57,Dr,2015,1,1,0.802857142857143,11.0
58,Dr,2015,1,1,1.32,18.0
59,Dr,2015,1,1,,
60,Dr,2015,1,1,1.19875,13.0
61,Dr,2015,1,1,2.62,19.0
62,Dr,2015,1,1,0.16,2.0
63,Dr,2015,1,1,0.8833333333333334,14.0
64,Dr,2015,1,1,2.402,74.0
65,A/Pr,2015,2,1,1.3,23.0
66,Dr,2015,1,1,1.7,10.0
67,Dr,2015,1,1,0.68,1.0
68,Dr,2015,1,1,1.653333333333333,26.0
69,Dr,2015,1,1,1.894,17.0
70,Dr,2015,1,1,1.556666666666667,34.0
71,Dr,2015,1,1,1.59,19.0
72,Dr,2015,1,1,1.1225,29.0
73,Dr,2015,1,1,,
74,Dr,2015,1,1,1.671666666666667,8.0
75,Dr,2015,1,1,1.1025,10.0
76,Dr,2015,1,1,,
77,Mr,2015,0,1,2.665,41.0
78,Dr,2015,1,1,1.84,14.0
79,Dr,2015,1,1,0.9475,9.0
80,Dr,2015,1,1,1.365,11.0
81,Dr,2015,1,1,,
82,Dr,2015,1,1,8.15,1.0
83,Dr,2015,1,1,4.4,11.0
84,Dr,2015,1,1,2.826666666666667,7.0
85,Dr,2015,1,1,3.29,5.0
86,Dr,2015,1,1,5.053333333333334,16.0
87,A/Pr,2015,2,1,1.2675,29.0
88,Dr,2015,1,1,1.341666666666667,26.0
89,Dr,2015,1,1,,
90,Dr,2015,1,1,2.439090909090909,61.0
91,Dr,2015,1,1,1.94,21.0
92,Dr,2015,1,1,2.322857142857143,16.0
93,Dr,2015,1,1,1.764999999999999,87.0
94,Dr,2015,1,1,1.049,22.0
95,Dr,2015,1,1,6.193333333333334,19.0
96,Dr,2015,1,1,1.01,26.0
97,Dr,2015,1,1,0.9766666666666667,9.0
98,Dr,2015,1,1,1.432727272727273,48.0
99,Dr,2015,1,1,0.8150000000000001,6.0
100,Dr,2015,1,1,5.07,7.0
101,Dr,2015,1,1,1.393333333333333,15.0
102,Dr,2015,1,1,2.38,14.0
103,Dr,2015,1,1,1.247142857142857,21.0
104,Dr,2015,1,1,1.166,12.0
105,Dr,2015,1,1,,
106,Miss,2015,0,1,1.075,5.0
107,Dr,2015,1,1,1.85,8.0
108,Dr,2015,1,1,1.068571428571429,19.0
109,Dr,2015,1,1,,
110,Ms,2015,0,1,1.491666666666667,20.0
111,Dr,2015,1,1,2.038,15.0
112,Dr,2015,1,1,4.545000000000001,8.0
113,Dr,2015,1,1,2.474285714285714,19.0
114,Dr,2015,1,1,,
115,Dr,2015,1,1,,
116,Dr,2015,1,1,1.455,18.0
117,Dr,2015,1,1,0.634,7.0
118,Mr,2015,0,1,0.9866666666666667,7.0
119,Dr,2015,1,1,2.046666666666666,25.0
120,Dr,2015,1,1,,
121,A/Pr,2015,2,1,0.83,40.0
122,Dr,2015,1,1,1.241,62.0
123,Mrs,2015,0,1,0.8066666666666666,3.0
124,Dr,2015,1,1,,
125,Dr,2015,1,1,0.0,1.0
126,Dr,2015,1,1,2.195,113.0
127,Dr,2015,1,1,1.13,40.0
128,Miss,2015,0,1,1.5275,27.0
129,Dr,2015,1,1,,
130,Dr,2015,1,1,1.86625,27.0
131,Dr,2015,1,1,0.504,15.0
132,Dr,2015,1,1,2.365,13.0
133,Dr,2015,1,1,3.887142857142857,43.0
134,Dr,2015,1,1,,0.0
135,Dr,2015,1,1,0.785,12.0
136,Dr,2015,1,1,1.792857142857143,19.0
137,Dr,2015,1,1,1.313333333333333,11.0
138,Mr,2015,0,1,2.833333333333333,6.0
139,Ms,2015,0,1,,
140,Dr,2015,1,1,1.363333333333333,8.0
141,Dr,2015,1,1,1.58,9.0
142,Dr,2015,1,1,2.605,8.0
143,Dr,2015,1,1,,
144,Dr,2015,1,1,0.33,1.0
145,Dr,2015,1,1,3.9675,13.0
146,Dr,2015,1,1,1.255,8.0
147,Dr,2015,1,1,0.9950000000000001,8.0
148,Ms,2015,0,1,3.775714285714286,16.0
149,Dr,2015,1,1,2.782222222222222,31.0
150,Mr,2015,0,1,,
151,Dr,2015,1,1,1.268333333333333,20.0
152,Mr,2015,0,1,9.133333333333333,12.0
153,Dr,2015,1,1,,
154,Dr,2015,1,1,,0.0
155,Dr,2015,1,1,4.366666666666666,11.0
156,Mr,2015,0,1,1.155,8.0
157,Dr,2015,1,1,1.26,12.0
158,Dr,2015,1,1,1.1625,27.0
159,Dr,2015,1,1,0.244,19.0
160,Ms,2015,0,1,1.05,11.0
161,Dr,2015,1,1,2.054444444444445,62.0
162,Mrs,2015,0,1,1.838,13.0
163,Dr,2015,1,1,1.538,17.0
164,Dr,2015,1,1,0.8033333333333335,32.0
165,A/Pr,2015,2,1,0.13,3.0
166,A/Pr,2015,2,3,2.385,111.0
167,A/Pr,2015,2,3,1.967272727272728,33.0
168,Prof,2015,3,3,2.28,96.0
169,Prof,2015,3,3,,
170,A/Pr,2015,2,3,2.59090909090909,111.0
171,A/Pr,2015,2,3,2.007777777777778,46.0
172,Prof,2015,3,3,1.065,49.0
173,Prof,2015,3,3,1.828181818181818,177.0
174,Prof,2015,3,3,1.737272727272728,86.0
175,A/Pr,2015,2,3,1.508181818181818,57.0
176,A/Pr,2015,2,3,1.99,70.0
177,Prof,2015,3,3,,
178,A/Pr,2015,2,3,0.0,1.0
179,A/Pr,2015,2,3,2.789090909090909,71.0
180,A/Pr,2015,2,3,1.584545454545454,78.0
181,A/Pr,2015,2,3,1.535555555555556,20.0
182,A/Pr,2015,2,3,5.02,1.0
183,Dr,2015,1,3,1.9375,17.0
184,A/Pr,2015,2,3,3.863636363636364,123.0
185,A/Pr,2015,2,3,3.388181818181818,174.0
186,A/Pr,2015,2,3,0.537,35.0
187,A/Pr,2015,2,3,0.6781818181818181,57.0
188,A/Pr,2015,2,3,0.8639999999999999,152.0
189,Prof,2015,3,3,1.706363636363637,61.0
190,Prof,2015,3,3,1.533636363636363,69.0
191,Prof,2015,3,3,1.53,93.0
192,Prof,2015,3,3,2.047272727272727,162.0
193,A/Pr,2015,2,3,0.535,6.0
194,Prof,2015,3,3,1.782727272727273,208.0
195,Prof,2015,3,3,1.82,4.0
196,A/Pr,2015,2,3,1.49,70.0
197,A/Pr,2015,2,3,6.80090909090909,36.0
198,Prof,2015,3,3,2.491818181818182,170.0
199,A/Pr,2015,2,3,2.370000000000001,89.0
200,Prof,2015,3,3,6.180000000000001,239.0
201,Prof,2015,3,3,1.290909090909091,126.0
202,Prof,2015,3,3,2.70090909090909,67.0
203,Prof,2015,3,3,1.433333333333333,18.0
204,Prof,2015,3,3,1.678181818181818,250.0
205,Prof,2015,3,3,2.715454545454545,172.0
206,Prof,2015,3,3,2.491818181818182,283.0
207,Prof,2015,3,3,,
208,Prof,2015,3,3,1.627272727272727,96.0
209,Prof,2015,3,3,1.296363636363636,114.0
210,Prof,2015,3,3,1.766,48.0
211,A/Pr,2015,2,3,3.241818181818182,100.0
212,Prof,2015,3,3,42.51,89.0
213,Prof,2015,3,3,1.876363636363636,58.0
214,Prof,2015,3,3,2.320909090909091,178.0
215,Prof,2015,3,3,16.48909090909091,157.0
216,Prof,2015,3,3,3.846363636363637,90.0
217,Prof,2015,3,3,2.441818181818182,331.0
218,Prof,2015,3,3,0.9454545454545454,30.0
219,Prof,2015,3,3,1.83,230.0
220,Prof,2015,3,3,1.216363636363636,62.0
221,Prof,2015,3,3,1.918181818181818,174.0
222,Prof,2015,3,3,1.644545454545455,103.0
223,Prof,2015,3,3,,
224,Prof,2015,3,3,1.144545454545455,74.0
225,Prof,2015,3,3,2.744545454545455,178.0
226,Prof,2015,3,3,2.675454545454546,96.0
227,Prof,2015,3,3,2.861818181818181,225.0
228,Prof,2015,3,3,,
229,Prof,2015,3,3,1.7475,26.0
230,Prof,2015,3,3,1.359090909090909,95.0
231,Prof,2015,3,3,1.26,296.0
232,Prof,2015,3,3,3.169090909090909,291.0
233,Prof,2015,3,3,1.621818181818182,94.0
234,Prof,2015,3,3,1.693636363636364,237.0
235,Prof,2015,3,3,1.499090909090909,139.0
236,Dr,2016,1,1,7.51,17.0
237,Dr,2016,1,1,0.6375,13.0
238,Dr,2016,1,1,2.542,22.0
239,Dr,2016,1,1,2.671111111111111,27.0
240,Dr,2016,1,1,,
241,Dr,2016,1,1,,
242,Dr,2016,1,1,,
243,Dr,2016,1,1,0.9063636363636366,26.0
244,Dr,2016,1,1,0.8300000000000001,14.0
245,Dr,2016,1,1,1.018888888888889,23.0
246,Dr,2016,1,1,,
247,Miss,2016,0,1,,
248,Mr,2016,0,1,1.288,13.0
249,Dr,2016,1,1,,
250,Dr,2016,1,1,1.158,14.0
251,Dr,2016,1,1,1.0425,16.0
252,Dr,2016,1,1,2.246,11.0
253,Dr,2016,1,1,1.774545454545454,27.0
254,Dr,2016,1,1,2.76,20.0
255,Dr,2016,1,1,2.018333333333333,24.0
256,Dr,2016,1,1,40.85888888888889,35.0
257,Dr,2016,1,1,2.597777777777778,42.0
258,Dr,2016,1,1,0.6514285714285715,20.0
259,Dr,2016,1,1,1.12,9.0
260,Dr,2016,1,1,1.522727272727273,20.0
261,Dr,2016,1,1,107.1966666666667,42.0
262,Mr,2016,0,1,2.685,26.0
263,Dr,2016,1,1,1.717272727272727,68.0
264,Dr,2016,1,1,2.854285714285715,15.0
265,Dr,2016,1,1,2.6975,15.0
266,Dr,2016,1,1,0.9409090909090909,44.0
267,Dr,2016,1,1,2.185,10.0
268,Dr,2016,1,1,1.475,80.0
269,Dr,2016,1,1,1.155,20.0
270,Dr,2016,1,1,,
271,Mr,2016,0,1,0.8555555555555555,27.0
272,Dr,2016,1,1,21.62428571428572,21.0
273,Dr,2016,1,1,0.6766666666666667,9.0
274,Dr,2016,1,1,2.018,9.0
275,Dr,2016,1,1,1.95,16.0
276,Dr,2016,1,1,1.708333333333333,15.0
277,Dr,2016,1,1,,
278,Dr,2016,1,1,2.638,75.0
279,Dr,2016,1,1,,
280,Dr,2016,1,1,1.4825,4.0
281,Dr,2016,1,1,0.8266666666666667,18.0
282,Dr,2016,1,1,1.576666666666667,70.0
283,Dr,2016,1,1,0.6716666666666667,38.0
284,Dr,2016,1,1,0.7060000000000001,7.0
285,Dr,2016,1,1,2.614285714285714,19.0
286,Dr,2016,1,1,1.097142857142857,17.0
287,Dr,2016,1,1,1.666666666666667,12.0
288,Dr,2016,1,1,0.0,1.0
289,Dr,2016,1,1,1.68,6.0
290,Dr,2016,1,1,,
291,Dr,2016,1,1,0.35,2.0
292,A/Pr,2016,2,1,2.103,72.0
293,Dr,2016,1,1,2.72375,18.0
294,Dr,2016,1,1,2.19,33.0
295,Dr,2016,1,1,1.1575,16.0
296,Dr,2016,1,1,,
297,Dr,2016,1,1,1.070909090909091,78.0
298,Dr,2016,1,1,0.798888888888889,27.0
299,Dr,2016,1,1,1.208,11.0
300,Dr,2016,1,1,,
301,Dr,2016,1,1,1.402,9.0
302,Dr,2016,1,1,1.625,14.0
303,Dr,2016,1,1,,
304,Dr,2016,1,1,2.827777777777778,12.0
305,Dr,2016,1,1,1.701666666666666,19.0
306,A/Pr,2016,2,1,0.13,3.0
307,Mr,2016,0,1,0.9675,15.0
308,Dr,2016,1,1,,
309,Dr,2016,1,1,1.538571428571428,40.0
310,Dr,2016,1,1,1.948,19.0
311,Dr,2016,1,1,0.8185714285714286,38.0
312,Dr,2016,1,1,2.4325,12.0
313,Dr,2016,1,1,1.5575,32.0
314,Dr,2016,1,1,0.8800000000000001,11.0
315,Dr,2016,1,1,1.9325,6.0
316,Dr,2016,1,1,0.2666666666666667,3.0
317,Dr,2016,1,1,1.803636363636364,31.0
318,Dr,2016,1,1,0.4933333333333332,9.0
319,Dr,2016,1,1,2.966666666666667,18.0
320,Ms,2016,0,1,2.057142857142857,21.0
321,Dr,2016,1,1,0.9883333333333333,14.0
322,Dr,2016,1,1,1.8625,8.0
323,Dr,2016,1,1,1.601111111111111,118.0
324,Ms,2016,0,1,1.923333333333334,13.0
325,Dr,2016,1,1,1.08875,40.0
326,Dr,2016,1,1,,
327,Dr,2016,1,1,0.978,8.0
328,Dr,2016,1,1,1.018,10.0
329,Dr,2016,1,1,,
330,Dr,2016,1,1,1.705,13.0
331,Mr,2016,0,1,0.8516666666666667,7.0
332,Dr,2016,1,1,0.9866666666666667,5.0
333,Dr,2016,1,1,2.04,21.0
334,Dr,2016,1,1,3.742500000000001,6.0
335,Dr,2016,1,1,,
336,Dr,2016,1,1,7.45,7.0
337,Dr,2016,1,1,0.7633333333333333,20.0
338,Mr,2016,0,1,1.32,35.0
339,Dr,2016,1,1,4.137499999999999,8.0
340,Dr,2016,1,1,0.705,11.0
341,Dr,2016,1,1,0.4983333333333333,19.0
342,Ms,2016,0,1,1.74,11.0
343,Dr,2016,1,1,1.2125,27.0
344,Dr,2016,1,1,4.835,12.0
345,Dr,2016,1,1,1.528,25.0
346,Mr,2016,0,1,2.505,8.0
347,Mr,2016,0,1,1.765714285714286,12.0
348,Mr,2016,0,1,2.288,23.0
349,Dr,2016,1,1,1.528571428571428,14.0
350,Dr,2016,1,1,0.9325,9.0
351,Dr,2016,1,1,,
352,Dr,2016,1,1,1.0075,8.0
353,Prof,2016,3,3,1.361818181818182,143.0
354,Prof,2016,3,3,2.599090909090909,41.0
355,Prof,2016,3,3,2.861818181818182,136.0
356,Prof,2016,3,3,2.720909090909091,217.0
357,A/Pr,2016,2,3,2.441818181818182,65.0
358,Prof,2016,3,3,1.377272727272727,63.0
359,A/Pr,2016,2,3,2.432727272727273,89.0
360,A/Pr,2016,2,3,,
361,Prof,2016,3,3,1.802727272727273,68.0
362,Prof,2016,3,3,,
363,A/Pr,2016,2,3,,
364,Prof,2016,3,3,5.412727272727273,129.0
365,Prof,2016,3,3,2.924545454545455,286.0
366,Prof,2016,3,3,3.113333333333333,4.0
367,Prof,2016,3,3,,
368,A/Pr,2016,2,3,,
369,A/Pr,2016,2,3,,
370,Prof,2016,3,3,,
371,Prof,2016,3,3,1.369090909090909,149.0
372,Dr,2016,1,3,,
373,Prof,2016,3,3,,
374,Prof,2016,3,3,1.542727272727273,142.0
375,Prof,2016,3,3,,
376,Prof,2016,3,3,,
377,Prof,2016,3,3,1.289090909090909,130.0
378,Prof,2016,3,3,2.520909090909091,137.0
379,A/Pr,2016,2,3,1.183636363636364,54.0
380,Prof,2016,3,3,,
381,Prof,2016,3,3,,
382,Prof,2016,3,3,,
383,Prof,2016,3,3,1.720909090909091,115.0
384,Prof,2016,3,3,,
385,A/Pr,2016,2,3,0.0,1.0
386,Prof,2016,3,3,2.204545454545454,75.0
387,Prof,2016,3,3,2.539090909090909,86.0
388,Prof,2016,3,3,,
389,Prof,2016,3,3,2.647272727272727,204.0
390,A/Pr,2016,2,3,,
391,A/Pr,2016,2,3,3.504545454545454,85.0
392,A/Pr,2016,2,3,2.13,76.0
393,A/Pr,2016,2,3,1.678,46.0
394,Prof,2016,3,3,2.803636363636364,117.0
395,A/Pr,2016,2,3,2.099090909090909,191.0
396,Prof,2016,3,3,3.172727272727272,79.0
397,Dr,2016,1,3,2.677272727272727,56.0
398,Prof,2016,3,3,9.232727272727272,
399,A/Pr,2016,2,3,1.861818181818182,56.0
400,Prof,2016,3,3,5.064545454545454,264.0
401,Prof,2016,3,3,2.588181818181818,134.0
402,A/Pr,2016,2,3,4.169090909090909,143.0
403,Prof,2016,3,3,4.224,65.0
404,Prof,2016,3,3,5.524545454545454,282.0
405,A/Pr,2016,2,3,,
406,Prof,2016,3,3,2.187272727272727,108.0
407,Prof,2016,3,3,2.143636363636364,323.0
408,Prof,2016,3,3,1.305454545454545,161.0
409,Prof,2016,3,3,,
410,A/Pr,2016,2,3,1.445454545454546,68.0
411,Prof,2016,3,3,2.615,63.0
412,A/Pr,2016,2,3,1.454545454545455,86.0
413,Prof,2016,3,3,1.742727272727273,94.0
414,Prof,2016,3,3,2.113636363636364,201.0
415,Prof,2016,3,3,1.798181818181818,49.0
416,Prof,2016,3,3,,
417,Prof,2016,3,3,1.82,146.0
418,Prof,2016,3,3,,
419,Prof,2016,3,3,10.88,148.0
420,Prof,2016,3,3,2.874545454545455,120.0
421,A/Pr,2016,2,3,2.82,71.0
422,Prof,2016,3,3,1.652727272727273,364.0
423,Dr,2016,1,3,2.008181818181818,48.0
424,Prof,2016,3,3,,
425,Dr,2016,1,3,13.65272727272727,58.0
426,A/Pr,2016,2,3,1.993333333333333,13.0
427,Prof,2016,3,3,1.189090909090909,85.0
428,Dr,2016,1,3,8.505454545454544,73.0
429,A/Pr,2016,2,3,1.621818181818181,181.0
430,A/Pr,2016,2,2,1.621818181818181,181.0
431,Dr,2016,1,2,1.767272727272727,47.0
432,Dr,2016,1,2,,
433,Dr,2016,1,2,,
434,Dr,2016,1,2,1.656666666666667,8.0
435,Dr,2016,1,2,1.13625,12.0
436,Dr,2016,1,2,2.0675,69.0
437,A/Pr,2016,2,2,0.4766666666666667,5.0
438,Dr,2016,1,2,1.459,60.0
439,A/Pr,2016,2,2,1.12,159.0
440,A/Pr,2016,2,2,2.322,123.0
441,Dr,2016,1,2,2.128888888888889,93.0
442,Dr,2016,1,2,2.534285714285715,22.0
443,Dr,2016,1,2,0.9411111111111112,54.0
444,A/Pr,2016,2,2,1.252727272727273,145.0
445,Dr,2016,1,2,,
446,A/Pr,2016,2,2,18.10909090909091,110.0
447,Dr,2016,1,2,3.82,43.0
448,Dr,2016,1,2,3.098,63.0
449,A/Pr,2016,2,2,1.350909090909091,122.0
450,A/Pr,2016,2,2,2.681999999999999,48.0
451,Dr,2016,1,2,1.134545454545455,70.0
452,Dr,2016,1,2,0.9549999999999998,49.0
453,A/Pr,2016,2,2,4.195454545454546,52.0
454,Dr,2016,1,2,,
455,Dr,2016,1,2,2.41,78.0
456,Dr,2016,1,2,1.105454545454545,52.0
457,Dr,2016,1,2,0.798888888888889,27.0
458,A/Pr,2016,2,2,11.087,67.0
459,A/Pr,2016,2,2,2.12,81.0
460,A/Pr,2016,2,2,1.596363636363636,91.0
461,Dr,2016,1,2,2.884545454545455,116.0
462,Dr,2016,1,2,0.0,1.0
463,Dr,2016,1,2,2.17090909090909,96.0
464,Dr,2016,1,2,1.31,129.0
465,Dr,2016,1,2,1.827272727272727,57.0
466,Dr,2016,1,2,1.647142857142857,27.0
467,A/Pr,2016,2,2,,0.0
468,A/Pr,2016,2,2,1.124545454545455,117.0
469,Dr,2016,1,2,3.922000000000001,86.0
470,Dr,2016,1,2,3.152727272727273,52.0
471,Dr,2016,1,2,2.713333333333333,10.0
472,A/Pr,2016,2,2,2.402727272727273,99.0
473,Dr,2016,1,2,3.138,25.0
474,Dr,2016,1,2,2.022,35.0
475,Dr,2016,1,2,1.46,83.0
476,Dr,2016,1,2,2.160000000000001,47.0
477,Dr,2016,1,2,3.003333333333333,26.0
478,Dr,2016,1,2,2.0575,74.0
479,Dr,2016,1,2,1.982,40.0
480,Dr,2016,1,2,1.58,20.0
481,Dr,2016,1,2,,
482,A/Pr,2016,2,2,1.844,117.0
483,Dr,2016,1,2,1.149,31.0
484,Dr,2016,1,2,13.65272727272727,58.0
485,Dr,2016,1,2,1.475,58.0
486,A/Pr,2016,2,2,2.441818181818182,65.0
487,Dr,2016,1,2,2.671,53.0
488,Dr,2016,1,2,,0.0
489,Dr,2016,1,2,2.022,62.0
490,Dr,2017,1,2,2.028888888888889,37.0
491,Dr,2017,1,2,1.915,22.0
492,A/Pr,2017,2,2,3.482727272727273,100.0
493,Dr,2017,1,2,,
494,Dr,2017,1,2,4.145,29.0
495,Dr,2017,1,2,1.804,68.0
496,A/Pr,2017,2,2,1.636363636363636,111.0
497,A/Pr,2017,2,2,1.73,50.0
498,Dr,2017,1,2,1.729090909090909,68.0
499,Dr,2017,1,2,1.728888888888889,15.0
500,Dr,2017,1,2,2.713,30.0
501,Dr,2017,1,2,2.155,74.0
502,Dr,2017,1,2,2.237142857142857,19.0
503,Dr,2017,1,2,1.842,55.0
504,A/Pr,2017,2,2,1.886363636363636,88.0
505,Dr,2017,1,2,1.215,42.0
506,Dr,2017,1,2,,
507,Dr,2017,1,2,4.03,84.0
508,Dr,2017,1,2,1.622,40.0
509,Dr,2017,1,2,2.798181818181818,28.0
510,Dr,2017,1,2,2.8025,24.0
511,Dr,2017,1,2,0.5825,5.0
512,Dr,2017,1,2,,
513,A/Pr,2017,2,2,1.806363636363636,103.0
514,Dr,2017,1,2,0.9663636363636363,105.0
515,Dr,2017,1,2,,
516,Dr,2017,1,2,4.595714285714286,54.0
517,Dr,2017,1,2,1.59,57.0
518,Dr,2017,1,2,2.097777777777778,23.0
519,A/Pr,2017,2,2,9.642727272727273,50.0
520,Dr,2017,1,2,0.799,52.0
521,Dr,2017,1,2,,
522,Dr,2017,1,2,,
523,Dr,2017,1,2,1.205454545454545,48.0
524,A/Pr,2017,2,2,2.38909090909091,102.0
525,A/Pr,2017,2,2,,0.0
526,Dr,2017,1,2,1.656,75.0
527,Prof,2017,3,2,2.038,64.0
528,A/Pr,2017,2,2,4.097272727272728,117.0
529,Dr,2017,1,2,2.254,27.0
530,A/Pr,2017,2,2,1.94,46.0
531,Dr,2017,1,2,3.431818181818182,37.0
532,A/Pr,2017,2,2,,
533,A/Pr,2017,2,2,,
534,Dr,2017,1,2,2.156363636363636,118.0
535,Dr,2017,1,2,3.16,77.0
536,A/Pr,2017,2,2,2.034545454545455,101.0
537,Dr,2017,1,2,2.077272727272728,63.0
538,A/Pr,2017,2,2,1.973333333333334,58.0
539,A/Pr,2017,2,2,1.202,173.0
540,A/Pr,2017,2,2,1.94,90.0
541,Dr,2017,1,2,0.4,2.0
542,Dr,2017,1,2,,
543,Dr,2017,1,2,2.098333333333333,22.0
544,Dr,2017,1,2,1.9425,72.0
545,A/Pr,2017,2,2,2.384545454545455,95.0
546,Dr,2017,1,2,,
547,Dr,2017,1,2,2.462727272727273,64.0
548,Dr,2017,1,2,1.833333333333333,8.0
549,Dr,2017,1,2,2.153333333333334,73.0
550,Dr,2017,1,2,0.635,59.0
551,Dr,2017,1,1,118.6242857142857,39.0
552,Dr,2017,1,1,,
553,Dr,2017,1,1,,
554,Dr,2017,1,1,0.78375,29.0
555,Ms,2017,0,1,1.293333333333333,16.0
556,Dr,2017,1,1,3.30875,20.0
557,Mr,2017,0,1,1.713333333333334,3.0
558,Dr,2017,1,1,0.915,13.0
559,Dr,2017,1,1,1.034444444444444,17.0
560,Dr,2017,1,1,,
561,Dr,2017,1,1,1.703333333333333,16.0
562,Dr,2017,1,1,2.22,41.0
563,Dr,2017,1,1,4.467777777777777,40.0
564,Dr,2017,1,1,78.79,52.0
565,Dr,2017,1,1,0.99125,23.0
566,Ms,2017,0,1,,
567,Dr,2017,1,1,1.368571428571429,41.0
568,Dr,2017,1,1,1.572727272727273,108.0
569,Dr,2017,1,1,0.7749999999999999,31.0
570,Dr,2017,1,1,1.084444444444444,38.0
571,Dr,2017,1,1,,
572,Dr,2017,1,1,,
573,Dr,2017,1,1,1.865,19.0
574,Dr,2017,1,1,0.905,43.0
575,Mr,2017,0,1,1.6225,9.0
576,Dr,2017,1,1,,
577,Mr,2017,0,1,9.207999999999998,26.0
578,Dr,2017,1,1,1.1175,10.0
579,Dr,2017,1,1,0.96,1.0
580,Dr,2017,1,1,,
581,Dr,2017,1,1,1.53,29.0
582,Dr,2017,1,1,5.344444444444444,27.0
583,Dr,2017,1,1,0.8600000000000001,96.0
584,Dr,2017,1,1,1.071666666666667,53.0
585,Dr,2017,1,1,1.802,25.0
586,Dr,2017,1,1,1.03,21.0
587,Ms,2017,0,1,1.477142857142857,14.0
588,Dr,2017,1,1,1.40625,33.0
589,Dr,2017,1,1,2.28375,26.0
590,Mr,2017,0,1,1.087142857142857,42.0
591,Mr,2017,0,1,0.5911111111111113,79.0
592,Dr,2017,1,1,1.62375,83.0
593,Dr,2017,1,1,1.561666666666667,18.0
594,Dr,2017,1,1,2.044444444444445,45.0
595,Dr,2017,1,1,2.00125,18.0
596,Dr,2017,1,1,1.4475,44.0
597,Dr,2017,1,1,0.9000000000000001,40.0
598,Dr,2017,1,1,0.7875,9.0
599,Ms,2017,0,1,1.225555555555556,19.0
600,Dr,2017,1,1,3.265,8.0
601,Dr,2017,1,1,1.34,10.0
602,Dr,2017,1,1,1.101428571428571,14.0
603,Dr,2017,1,1,,
604,Dr,2017,1,1,,
605,Dr,2017,1,1,1.333333333333333,23.0
606,Dr,2017,1,1,2.36,24.0
607,Dr,2017,1,1,0.6514285714285715,31.0
608,Dr,2017,1,1,0.39,6.0
609,Dr,2017,1,1,1.921428571428571,19.0
610,Dr,2017,1,1,1.593333333333333,24.0
611,Dr,2017,1,1,1.62625,28.0
612,Dr,2017,1,1,,
613,Dr,2017,1,1,,
614,Dr,2017,1,1,1.3725,8.0
615,Dr,2017,1,1,6.949999999999999,14.0
616,Dr,2017,1,1,,
617,Dr,2017,1,1,,
618,Dr,2017,1,1,1.563333333333333,31.0
619,Dr,2017,1,1,1.66,18.0
620,Dr,2017,1,1,1.986666666666667,50.0
621,Dr,2017,1,1,3.306666666666667,24.0
622,Dr,2017,1,1,1.734285714285714,39.0
623,Dr,2017,1,1,1.44,21.0
624,Dr,2017,1,1,1.276,9.0
625,Mr,2017,0,1,2.706,23.0
626,Dr,2017,1,1,,
627,Dr,2017,1,1,,
628,Dr,2017,1,1,0.63,4.0
629,Dr,2017,1,1,1.066666666666667,18.0
630,Mr,2017,0,1,2.07,13.0
631,Dr,2017,1,1,,
632,Dr,2017,1,1,3.234,14.0
633,Dr,2017,1,1,1.84,19.0
634,Dr,2017,1,1,26.0625,36.0
635,Dr,2017,1,1,1.03,22.0
636,Mrs,2017,0,1,,
637,Dr,2017,1,1,0.0,2.0
638,Dr,2017,1,1,0.845,2.0
639,Ms,2017,0,1,2.231666666666666,13.0
640,Dr,2017,1,1,2.393333333333333,14.0
641,Dr,2017,1,1,1.314285714285715,14.0
642,Ms,2017,0,1,1.512,13.0
643,Dr,2017,1,1,0.0,2.0
644,Dr,2017,1,1,1.64125,34.0
645,Dr,2017,1,1,2.976363636363636,64.0
646,Dr,2017,1,1,0.958,23.0
647,Dr,2017,1,1,1.28,13.0
648,Dr,2017,1,1,1.561666666666667,13.0
649,Dr,2017,1,1,,
650,Dr,2017,1,1,1.591666666666667,12.0
651,Dr,2017,1,1,1.392857142857143,18.0
652,Dr,2017,1,1,,
653,Dr,2017,1,1,1.54625,14.0
654,Dr,2017,1,1,0.7583333333333333,24.0
655,Dr,2017,1,1,2.543333333333333,26.0
656,Mr,2017,0,1,,
657,Dr,2017,1,1,1.3075,28.0
658,Dr,2017,1,1,7.785,16.0
659,Dr,2017,1,1,2.228,12.0
660,Dr,2017,1,1,0.0,2.0
661,Dr,2017,1,1,,
662,Ms,2017,0,1,3.314,19.0
663,Ms,2017,0,1,5.555000000000001,6.0
664,Dr,2017,1,1,0.0,1.0
665,Dr,2017,1,1,,0.0
666,Dr,2017,1,1,0.93,1.0
667,Dr,2017,1,1,0.91,8.0
668,Dr,2017,1,1,1.566666666666667,10.0
669,Dr,2017,1,1,1.876666666666667,24.0
670,Mr,2017,0,1,2.476666666666667,7.0
671,Prof,2017,3,3,3.73,292.0
672,Prof,2017,3,3,1.28,75.0
673,Prof,2017,3,3,2.470909090909091,181.0
674,Prof,2017,3,3,1.22,130.0
675,Prof,2017,3,3,2.831818181818182,188.0
676,Prof,2017,3,3,,
677,Prof,2017,3,3,1.288181818181818,64.0
678,A/Pr,2017,2,3,2.247272727272727,46.0
679,A/Pr,2017,2,3,,
680,Prof,2017,3,3,1.980909090909091,142.0
681,Prof,2017,3,3,2.280909090909091,116.0
682,Prof,2017,3,3,2.140909090909091,66.0
683,A/Pr,2017,2,3,3.06,36.0
684,Prof,2017,3,3,5.393636363636364,189.0
685,Prof,2017,3,3,1.535454545454545,68.0
686,Prof,2017,3,3,1.459090909090909,81.0
687,Prof,2017,3,3,22.04909090909091,376.0
688,Prof,2017,3,3,1.615454545454545,217.0
689,A/Pr,2017,2,3,,
690,Prof,2017,3,3,1.659090909090909,185.0
691,Prof,2017,3,3,2.036363636363636,92.0
692,Prof,2017,3,3,2.608181818181818,188.0
693,Prof,2017,3,3,2.136363636363636,113.0
694,A/Pr,2017,2,3,1.461818181818182,118.0
695,Prof,2017,3,3,1.79,232.0
696,A/Pr,2017,2,3,2.607272727272727,62.0
697,Prof,2017,3,3,3.260000000000001,165.0
698,Prof,2017,3,3,,
699,A/Pr,2017,2,3,4.097272727272728,117.0
700,A/Pr,2017,2,3,1.85,47.0
701,A/Pr,2017,2,3,,
702,Prof,2017,3,3,2.452727272727273,92.0
703,Prof,2017,3,3,,
704,Prof,2017,3,3,2.503636363636363,368.0
705,Prof,2017,3,3,,
706,Prof,2017,3,3,1.564545454545455,173.0
707,Prof,2017,3,3,,
708,Prof,2017,3,3,1.788181818181818,281.0
709,Prof,2017,3,3,1.201818181818182,156.0
710,Prof,2017,3,3,1.618181818181818,67.0
711,Prof,2017,3,3,1.544545454545454,102.0
712,A/Pr,2017,2,3,2.71,50.0
713,Prof,2017,3,3,1.225454545454546,64.0
714,Prof,2017,3,3,1.786363636363636,99.0
715,Dr,2017,1,3,4.03,84.0
716,A/Pr,2017,2,3,2.049090909090909,99.0
717,Prof,2017,3,3,,
718,Prof,2017,3,3,,
719,Prof,2017,3,3,1.947272727272727,146.0
720,Prof,2017,3,3,7.316363636363636,186.0
721,Prof,2017,3,3,1.302727272727273,160.0
722,Prof,2017,3,3,,
723,A/Pr,2017,2,3,,
724,Dr,2017,1,3,2.518181818181818,66.0
725,Dr,2017,1,3,4.286363636363636,60.0
726,Prof,2017,3,3,1.59,57.0
727,Prof,2017,3,3,11.64636363636363,111.0
728,Prof,2017,3,3,1.286363636363637,85.0
729,Prof,2017,3,3,,
730,A/Pr,2017,2,3,9.642727272727273,50.0
731,Prof,2017,3,3,1.016363636363636,286.0
732,Prof,2017,3,3,1.735454545454545,224.0
733,A/Pr,2017,2,3,1.111111111111111,26.0
734,A/Pr,2017,2,3,,
735,Prof,2017,3,3,0.09,1.0
736,Prof,2017,3,3,1.902727272727273,140.0
737,Prof,2017,3,3,2.074545454545454,191.0
738,Prof,2017,3,3,1.351818181818182,125.0
739,Prof,2017,3,3,,
740,Prof,2017,3,3,2.137272727272727,120.0
741,Dr,2017,1,3,31.35,5.0
742,A/Pr,2017,2,3,0.9900000000000001,36.0
743,Dr,2017,1,3,2.713636363636364,94.0
744,A/Pr,2017,2,3,2.643636363636364,51.0
745,Dr,2017,1,3,2.017272727272727,58.0
746,A/Pr,2017,2,3,,
747,Prof,2018,3,3,1.247272727272727,130.0
748,Prof,2018,3,3,1.46,120.0
749,Prof,2018,3,3,0.9563636363636363,75.0
750,Prof,2018,3,3,2.249090909090909,179.0
751,Dr,2018,1,3,2.03909090909091,95.0
752,A/Pr,2018,2,3,,
753,Prof,2018,3,3,1.286363636363637,148.0
754,Prof,2018,3,3,2.510000000000001,52.0
755,Prof,2018,3,3,2.42090909090909,124.0
756,A/Pr,2018,2,3,2.657272727272728,80.0
757,Prof,2018,3,3,1.650909090909091,81.0
758,A/Pr,2018,2,3,,
759,Prof,2018,3,3,1.285454545454545,86.0
760,A/Pr,2018,2,3,,
761,Prof,2018,3,3,2.362727272727273,187.0
762,Prof,2018,3,3,2.689090909090909,86.0
763,Prof,2018,3,3,1.372727272727273,73.0
764,Prof,2018,3,3,1.411818181818182,255.0
765,Prof,2018,3,3,,
766,Prof,2018,3,3,3.81,106.0
767,Prof,2018,3,3,1.668181818181818,117.0
768,A/Pr,2018,2,3,3.562727272727273,166.0
769,Prof,2018,3,3,4.382727272727273,163.0
770,A/Pr,2018,2,3,1.714545454545455,74.0
771,Prof,2018,3,3,,
772,Prof,2018,3,3,1.237272727272727,175.0
773,Prof,2018,3,3,1.525454545454545,156.0
774,A/Pr,2018,2,3,2.324545454545455,63.0
775,Dr,2018,1,3,1.405,33.0
776,A/Pr,2018,2,3,2.197272727272727,110.0
777,Prof,2018,3,3,1.709090909090909,101.0
778,Prof,2018,3,3,1.546363636363637,208.0
779,Prof,2018,3,3,1.427272727272727,94.0
780,Prof,2018,3,3,1.59,67.0
781,Prof,2018,3,3,2.265454545454546,176.0
782,Prof,2018,3,3,2.009090909090909,177.0
783,Prof,2018,3,3,1.894545454545455,166.0
784,A/Pr,2018,2,3,1.51,47.0
785,Dr,2018,1,3,,
786,Prof,2018,3,3,5.538181818181818,165.0
787,A/Pr,2018,2,3,1.946363636363636,96.0
788,Prof,2018,3,3,1.91,163.0
789,Prof,2018,3,3,1.925454545454546,282.0
790,Prof,2018,3,3,1.642727272727272,328.0
791,Prof,2018,3,3,18.07545454545454,167.0
792,Prof,2018,3,3,1.589090909090909,153.0
793,Prof,2018,3,3,,
794,A/Pr,2018,2,3,2.519090909090909,88.0
795,A/Pr,2018,2,3,1.740909090909091,49.0
796,Prof,2018,3,3,,
797,Prof,2018,3,3,2.943636363636364,94.0
798,Dr,2018,1,3,2.444444444444445,57.0
799,Prof,2018,3,3,2.418181818181818,138.0
800,A/Pr,2018,2,3,2.814545454545454,40.0
801,Prof,2018,3,3,2.107272727272727,314.0
802,Prof,2018,3,3,2.948181818181818,474.0
803,Prof,2018,3,3,,0.0
804,A/Pr,2018,2,3,1.779090909090909,48.0
805,Prof,2018,3,3,1.236363636363636,62.0
806,Prof,2018,3,3,3.432727272727273,124.0
807,Prof,2018,3,3,4.476999999999999,50.0
808,Prof,2018,3,3,3.48,110.0
809,Prof,2018,3,3,3.21090909090909,723.0
810,A/Pr,2018,2,3,2.034545454545455,72.0
811,Prof,2018,3,3,14.34636363636364,208.0
812,Dr,2018,1,1,1.055,21.0
813,Dr,2018,1,1,,
814,Dr,2018,1,1,1.293333333333333,33.0
815,Dr,2018,1,1,1.5625,21.0
816,Prof,2018,3,3,1.613636363636364,134.0
817,Dr,2018,1,1,0.9342857142857143,30.0
818,Dr,2018,1,1,3.4675,9.0
819,Prof,2018,3,3,2.55090909090909,179.0
820,Dr,2018,1,1,0.9750000000000001,11.0
821,Mr,2018,0,1,,0.0
822,Mr,2018,0,1,,
823,Dr,2018,1,1,0.8911111111111111,32.0
824,Mrs,2018,0,1,3.018,16.0
825,Prof,2018,3,3,1.464545454545455,94.0
826,Dr,2018,1,1,1.498571428571428,18.0
827,Dr,2018,1,1,2.192,9.0
828,Dr,2018,1,1,,
829,Dr,2018,1,1,,
830,Dr,2018,1,1,1.972,14.0
831,Ms,2018,0,1,1.084444444444444,25.0
832,Dr,2018,1,1,0.6699999999999999,7.0
833,Dr,2018,1,1,1.966,21.0
834,Dr,2018,1,1,,
835,Dr,2018,1,1,1.095,28.0
836,Dr,2018,1,1,,
837,Dr,2018,1,1,0.39,1.0
838,Dr,2018,1,1,2.488,15.0
839,Dr,2018,1,1,0.215,3.0
840,Dr,2018,1,1,0.16,1.0
841,Dr,2018,1,1,,0.0
842,Dr,2018,1,1,,
843,Dr,2018,1,1,1.548333333333334,26.0
844,Dr,2018,1,1,2.455,15.0
845,A/Pr,2018,2,3,1.643636363636364,45.0
846,Dr,2018,1,1,1.216,22.0
847,Mr,2018,0,1,1.37,32.0
848,Prof,2018,3,3,1.637272727272727,127.0
849,Prof,2018,3,3,,
850,Dr,2018,1,1,1.695,15.0
851,A/Pr,2018,2,3,2.246363636363636,51.0
852,Dr,2018,1,1,,
853,Dr,2018,1,1,2.585,25.0
854,Dr,2018,1,1,1.872,11.0
855,Dr,2018,1,1,1.46,23.0
856,Dr,2018,1,1,0.9279999999999999,15.0
857,Dr,2018,1,1,0.5499999999999999,8.0
858,Dr,2018,1,1,1.136666666666666,27.0
859,Dr,2018,1,1,2.458571428571428,42.0
860,Dr,2018,1,1,,0.0
861,Ms,2018,0,1,0.8833333333333334,13.0
862,Dr,2018,1,1,3.013333333333334,11.0
863,Dr,2018,1,1,,
864,Dr,2018,1,1,1.026666666666667,15.0
865,Dr,2018,1,2,3.824444444444445,22.0
866,Dr,2018,1,2,,
867,Miss,2018,0,1,2.5075,10.0
868,Dr,2018,1,1,3.294,38.0
869,Dr,2018,1,1,1.328,19.0
870,Ms,2018,0,1,2.025,9.0
871,Dr,2018,1,2,,
872,Dr,2018,1,2,2.145454545454545,94.0
873,A/Pr,2018,2,2,1.416363636363636,46.0
874,Dr,2018,1,2,1.703333333333333,48.0
875,Dr,2018,1,1,1.356666666666667,18.0
876,Dr,2018,1,1,,
877,Dr,2018,1,1,1.12,19.0
878,Dr,2018,1,1,1.045714285714286,22.0
879,A/Pr,2018,2,2,1.3025,54.0
880,Prof,2018,3,3,3.647272727272727,146.0
881,Dr,2018,1,2,1.086363636363636,44.0
882,Dr,2018,1,1,2.2,49.0
883,A/Pr,2018,2,2,1.696,37.0
884,Dr,2018,1,1,0.0,1.0
885,Dr,2018,1,2,2.44,25.0
886,Dr,2018,1,2,3.74375,25.0
887,Dr,2018,1,2,,
888,A/Pr,2018,2,3,1.998181818181818,82.0
889,Dr,2018,1,2,0.851,19.0
890,Dr,2018,1,2,1.38,59.0
891,Dr,2018,1,2,2.528,49.0
892,Dr,2018,1,2,2.722727272727273,52.0
893,Ms,2018,0,1,3.92,7.0
894,Dr,2018,1,2,,
895,A/Pr,2018,2,2,1.471818181818182,36.0
896,Ms,2018,0,1,,
897,Dr,2018,1,2,1.377777777777778,36.0
898,A/Pr,2018,2,2,2.679090909090909,86.0
899,A/Pr,2018,2,2,0.8630000000000001,85.0
900,Dr,2018,1,1,1.3125,9.0
901,Prof,2018,3,3,1.945454545454545,199.0
902,A/Pr,2018,2,2,1.166363636363636,89.0
903,A/Pr,2018,2,2,2.058,54.0
904,A/Pr,2018,2,2,3.690909090909091,76.0
905,Dr,2018,1,1,,
906,Dr,2018,1,1,,
907,Miss,2018,0,1,1.31,14.0
908,Dr,2018,1,1,0.7975,17.0
909,A/Pr,2018,2,2,2.499090909090909,63.0
910,Dr,2018,1,2,2.444444444444445,57.0
911,Dr,2018,1,1,1.83375,27.0
912,Ms,2018,0,1,,
913,A/Pr,2018,2,2,2.261,45.0
914,A/Pr,2018,2,2,2.16,86.0
915,Dr,2018,1,1,,
916,Ms,2018,0,1,1.21,40.0
917,A/Pr,2018,2,2,1.833636363636364,114.0
918,Dr,2018,1,1,1.261428571428571,23.0
919,Dr,2018,1,1,1.2425,12.0
920,Dr,2018,1,2,3.394545454545454,44.0
921,Dr,2018,1,2,2.669,48.0
922,Prof,2018,3,3,10.71181818181818,151.0
923,Dr,2018,1,1,1.915714285714285,26.0
924,Dr,2018,1,1,0.86,1.0
925,Dr,2018,1,1,2.072857142857143,33.0
926,Prof,2018,3,2,,
927,Prof,2018,3,3,2.299090909090909,195.0
928,Dr,2018,1,1,0.8971428571428571,27.0
929,Ms,2018,0,1,2.98,13.0
930,Dr,2018,1,1,,
931,Dr,2018,1,2,2.883,32.0
932,Mr,2018,0,1,1.23,27.0
933,Dr,2018,1,1,,
934,A/Pr,2018,2,3,1.837272727272727,46.0
935,Ms,2018,0,1,0.28,1.0
936,Dr,2018,1,1,3.878,13.0
937,Dr,2018,1,1,5.354000000000001,21.0
938,Dr,2018,1,1,1.148,31.0
939,Dr,2018,1,1,1.29875,33.0
940,Dr,2018,1,2,1.914,28.0
941,Dr,2018,1,1,2.646,9.0
942,Dr,2018,1,1,1.198333333333333,20.0
943,Dr,2018,1,2,,
944,Dr,2018,1,1,1.45625,15.0
945,Dr,2018,1,1,1.217777777777778,37.0
946,Dr,2018,1,1,1.678,10.0
947,Miss,2018,0,1,3.342,30.0
948,Dr,2018,1,1,3.655,21.0
949,Dr,2018,1,2,2.206,55.0
950,Dr,2018,1,1,,
951,Dr,2018,1,1,,
952,Dr,2018,1,1,0.7633333333333333,3.0
953,Ms,2018,0,1,1.36,22.0
954,Dr,2018,1,2,,
955,Dr,2018,1,1,1.085,19.0
956,Dr,2018,1,2,2.879090909090909,74.0
957,Ms,2018,0,1,4.373333333333334,20.0
958,Dr,2018,1,1,,
959,Mr,2018,0,1,2.0725,15.0
960,A/Pr,2018,2,2,1.829090909090909,109.0
961,Dr,2018,1,2,5.222,62.0
962,A/Pr,2018,2,1,0.99,21.0
963,Dr,2018,1,2,,
964,Dr,2018,1,2,3.479,23.0
965,Mr,2018,0,1,1.5475,14.0
966,Dr,2018,1,2,2.264,83.0
967,Dr,2018,1,2,2.363,27.0
968,Dr,2018,1,1,0.175,2.0
969,Dr,2018,1,1,1.47875,18.0
970,Dr,2018,1,1,2.634,14.0
971,A/Pr,2018,2,2,0.7400000000000001,10.0
972,Dr,2018,1,1,2.093636363636364,40.0
973,Dr,2018,1,2,3.46,76.0
974,Dr,2018,1,1,1.32,23.0
975,A/Pr,2018,2,2,2.043636363636363,88.0
976,Dr,2018,1,1,0.0,1.0
977,Dr,2018,1,1,1.7,58.0
978,A/Pr,2018,2,1,2.222727272727272,75.0
979,Dr,2018,1,1,2.263333333333334,12.0
980,Dr,2018,1,2,1.462727272727273,68.0
981,Dr,2018,1,1,0.64,2.0
982,Miss,2018,0,1,1.5725,20.0
983,Dr,2018,1,2,1.768,32.0
984,Dr,2018,1,1,,
985,Dr,2018,1,1,,
986,Dr,2018,1,1,,
987,Dr,2018,1,1,,
988,Prof,2018,3,2,1.554545454545455,67.0
989,Dr,2018,1,2,1.71,72.0
990,A/Pr,2018,2,2,1.877272727272727,60.0
991,Dr,2018,1,1,3.842,9.0
992,Dr,2018,1,2,2.545,54.0
993,A/Pr,2018,2,2,1.998181818181818,82.0
994,A/Pr,2018,2,2,2.430909090909091,83.0
995,Dr,2019,1,3,3.084545454545454,49.0
996,Dr,2019,1,2,1.855,20.0
997,A/Pr,2019,2,2,2.634545454545455,163.0
998,A/Pr,2019,2,2,2.757,184.0
999,E/Pr,2019,4,3,1.657272727272727,318.0
1000,Prof,2019,3,3,4.152727272727272,342.0
1001,Prof,2019,3,3,1.991818181818182,445.0
1002,Prof,2019,3,3,4.986363636363635,294.0
1003,Dr,2019,1,1,1.324444444444445,49.0
1004,A/Pr,2019,2,3,2.357272727272727,101.0
1005,Dr,2019,1,1,0.8325,30.0
1006,Dr,2019,1,1,,
1007,Prof,2019,3,3,1.068181818181818,131.0
1008,Prof,2019,3,3,3.943636363636364,804.0
1009,A/Pr,2019,2,1,1.884,63.0
1010,Dr,2019,1,1,0.6866666666666668,28.0
1011,Dr,2019,1,1,0.7033333333333333,22.0
1012,Dr,2019,1,1,3.98625,16.0
1013,Prof,2019,3,3,1.368181818181818,129.0
1014,Dr,2019,1,1,2.208181818181818,80.0
1015,Prof,2019,3,3,2.437272727272727,167.0
1016,Dr,2019,1,1,1.955714285714286,15.0
1017,Dr,2019,1,1,1.77375,31.0
1018,Prof,2019,3,3,10.57454545454545,144.0
1019,Prof,2019,3,3,,
1020,A/Pr,2019,2,2,2.247272727272728,93.0
1021,Dr,2019,1,1,0.28,1.0
1022,A/Pr,2019,2,2,2.573636363636364,143.0
1023,Dr,2019,1,2,,
1024,Dr,2019,1,1,1.814444444444444,23.0
1025,Prof,2019,3,3,1.979090909090909,447.0
1026,Dr,2019,1,1,3.745,67.0
1027,Prof,2019,3,2,2.541818181818182,101.0
1028,Dr,2019,1,2,4.190000000000001,51.0
1029,Prof,2019,3,3,2.135454545454545,87.0
1030,Prof,2019,3,3,1.771818181818182,255.0
1031,A/Pr,2019,2,3,,
1032,Prof,2019,3,3,1.139090909090909,176.0
1033,Dr,2019,1,1,1.775555555555556,54.0
1034,Prof,2019,3,3,1.384545454545455,99.0
1035,Dr,2019,1,2,2.79,48.0
1036,Dr,2019,1,1,,
1037,Dr,2019,1,1,,
1038,Prof,2019,3,3,16.58818181818182,169.0
1039,Dr,2019,1,2,2.249090909090909,53.0
1040,Prof,2019,3,3,2.474545454545455,152.0
1041,Dr,2019,1,1,0.6716666666666667,9.0
1042,Dr,2019,1,2,1.812,86.0
1043,Dr,2019,1,1,2.848181818181819,31.0
1044,Dr,2019,1,1,,0.0
1045,A/Pr,2019,2,2,1.502,70.0
1046,Dr,2019,1,1,1.318888888888889,33.0
1047,Dr,2019,1,1,,0.0
1048,A/Pr,2019,2,3,,
1049,Dr,2019,1,2,0.0,1.0
1050,Dr,2019,1,1,,
1051,Dr,2019,1,1,1.033333333333333,32.0
1052,A/Pr,2019,2,2,2.098181818181818,131.0
1053,Prof,2019,3,3,2.958181818181819,191.0
1054,Prof,2019,3,3,4.145454545454546,55.0
1055,A/Pr,2019,2,3,1.57,150.0
1056,Dr,2019,1,1,,
1057,Prof,2019,3,3,6.307272727272727,261.0
1058,Prof,2019,3,3,2.289090909090909,222.0
1059,Dr,2019,1,1,1.615,58.0
1060,Prof,2019,3,3,2.471818181818182,89.0
1061,Dr,2019,1,1,1.52,45.0
1062,Prof,2019,3,3,2.129090909090909,101.0
1063,Prof,2019,3,3,25.24636363636364,208.0
1064,Prof,2019,3,3,2.267272727272727,76.0
1065,Prof,2019,3,3,2.336363636363636,81.0
1066,Dr,2019,1,1,1.399,43.0
1067,Prof,2019,3,3,2.694545454545455,165.0
1068,Prof,2019,3,3,2.655454545454546,367.0
1069,Prof,2019,3,3,1.786363636363637,113.0
1070,Prof,2019,3,3,4.051818181818182,157.0
1071,Prof,2019,3,3,,
1072,Prof,2019,3,3,0.1133333333333333,5.0
1073,Prof,2019,3,3,2.88909090909091,86.0
1074,Prof,2019,3,3,,
1075,Prof,2019,3,3,3.609090909090909,314.0
1076,Dr,2019,1,2,1.646363636363637,77.0
1077,Dr,2019,1,1,0.7125,16.0
1078,Dr,2019,1,1,2.5625,10.0
1079,Prof,2019,3,3,1.917272727272727,280.0
1080,Dr,2019,1,1,2.10125,46.0
1081,A/Pr,2019,2,2,2.346363636363636,133.0
1082,Prof,2019,3,3,0.5625,4.0
1083,Prof,2019,3,3,1.893636363636364,185.0
1084,Prof,2019,3,3,7.349999999999998,525.0
1085,Dr,2019,1,1,1.6525,16.0
1086,Dr,2019,1,1,1.923333333333333,31.0
1087,Dr,2019,1,1,,
1088,Prof,2019,3,2,1.416363636363636,83.0
1089,Dr,2019,1,1,1.762,51.0
1090,Dr,2019,1,2,5.448181818181819,121.0
1091,Dr,2019,1,1,1.66,40.0
1092,Prof,2019,3,3,0.9672727272727272,136.0
1093,Dr,2019,1,2,,
1094,Prof,2019,3,3,2.285454545454546,307.0
1095,Prof,2019,3,3,6.735454545454544,135.0
1096,Prof,2019,3,3,,
1097,Prof,2019,3,3,6.876,187.0
1098,Dr,2019,1,2,0.0,1.0
1099,A/Pr,2019,2,2,2.019090909090909,125.0
1100,Dr,2019,1,2,2.516666666666667,83.0
1101,Prof,2019,3,3,1.13625,14.0
1102,Dr,2019,1,1,0.65,2.0
1103,Dr,2019,1,1,1.22625,34.0
1104,Dr,2019,1,2,1.278888888888889,35.0
1105,Prof,2019,3,3,2.646363636363636,142.0
1106,Prof,2019,3,3,,
1107,Dr,2019,1,2,2.058181818181818,54.0
1108,Prof,2019,3,3,6.053636363636364,94.0
1109,Prof,2019,3,3,1.055714285714286,11.0
1110,Prof,2019,3,3,0.0,1.0
1111,Prof,2019,3,3,2.359090909090909,54.0
1112,Dr,2019,1,1,,
1113,Prof,2019,3,3,2.478181818181818,109.0
1114,Prof,2019,3,3,2.060909090909091,227.0
1115,Dr,2019,1,1,1.536666666666667,7.0
1116,Dr,2019,1,1,0.0,1.0
1117,A/Pr,2019,2,2,2.182727272727273,118.0
1118,Dr,2019,1,1,1.23,13.0
1119,Prof,2019,3,3,,
1120,A/Pr,2019,2,2,1.904545454545455,66.0
1121,Prof,2019,3,3,1.706363636363636,89.0
1122,Prof,2019,3,3,2.15909090909091,100.0
1123,Prof,2019,3,3,1.301818181818182,108.0
1124,Prof,2019,3,3,5.275454545454546,363.0
1125,A/Pr,2019,2,2,1.115454545454545,56.0
1126,Dr,2019,1,1,,
1127,Ms,2019,0,1,,0.0
1128,Dr,2019,1,1,2.09375,24.0
1129,Dr,2019,1,1,8.723636363636361,35.0
1130,Prof,2019,3,3,1.802727272727273,197.0
1131,Dr,2019,1,1,,
1132,Prof,2019,3,3,,
1133,Prof,2019,3,3,3.184545454545454,122.0
1134,A/Pr,2019,2,3,3.795,74.0
1135,Dr,2019,1,1,1.975555555555556,25.0
1136,Dr,2019,1,1,2.831,79.0
1137,Dr,2019,1,1,,
1138,Dr,2019,1,1,,
1139,Dr,2019,1,1,2.03,59.0
1140,Prof,2019,3,3,1.156,9.0
1141,Prof,2019,3,3,17.12727272727273,205.0
1142,Prof,2019,3,3,3.569090909090909,105.0
1143,Dr,2019,1,1,1.128,47.0
1144,Prof,2019,3,3,3.649090909090908,100.0
1145,Prof,2019,3,3,1.674545454545454,89.0
1146,Prof,2019,3,3,1.928181818181818,73.0
1147,Prof,2019,3,3,0.12,1.0
1148,Mr,2019,0,1,18.94,29.0
1149,Prof,2019,3,3,2.936363636363637,245.0
1150,Prof,2019,3,3,3.384545454545455,219.0
1151,Dr,2019,1,1,,
1152,Prof,2019,3,3,1.508333333333334,6.0
1153,Dr,2019,1,1,0.9583333333333334,14.0
1154,Dr,2019,1,1,3.0725,26.0
1155,Prof,2019,3,3,1.296363636363636,65.0
1156,Dr,2019,1,1,5.005555555555556,34.0
1157,Prof,2019,3,3,2.175454545454545,99.0
1158,Prof,2019,3,3,1.862727272727273,332.0
1159,A/Pr,2019,2,2,1.048571428571428,27.0
1160,Dr,2019,1,1,5.934545454545455,45.0
1161,Dr,2019,1,1,1.501111111111111,39.0
1162,Dr,2019,1,1,2.565714285714286,32.0
1163,Prof,2019,3,3,0.7374999999999999,5.0
1164,Dr,2019,1,1,1.651428571428571,8.0
1165,Dr,2019,1,2,,
1166,Prof,2019,3,3,,
1167,Prof,2019,3,3,,
1168,Dr,2019,1,2,2.453636363636364,142.0
1169,Prof,2019,3,3,1.37,210.0
1170,Dr,2019,1,1,,
1171,A/Pr,2019,2,2,1.108181818181818,121.0
1172,A/Pr,2019,2,2,2.981111111111111,36.0
1173,Dr,2019,1,1,2.184,8.0
1174,Prof,2019,3,3,1.539090909090909,55.0
1175,Prof,2019,3,3,3.657272727272728,337.0
1176,Prof,2019,3,3,,
1177,Dr,2019,1,2,1.717777777777778,24.0
1178,Dr,2019,1,2,,0.0
1179,Prof,2019,3,3,1.142727272727273,86.0
1180,Prof,2019,3,3,1.626363636363636,240.0
1181,Prof,2019,3,3,2.998181818181819,130.0
1182,Prof,2019,3,3,1.241818181818182,295.0
1183,Prof,2019,3,3,,
1184,Prof,2019,3,3,,0.0
1185,Prof,2019,3,3,1.551818181818182,59.0
1186,A/Pr,2019,2,3,,
1187,Prof,2019,3,3,2.464545454545455,210.0
1188,Dr,2019,1,1,1.26875,39.0
1189,Prof,2019,3,3,2.403636363636363,291.0
1190,Prof,2019,3,3,3.751818181818182,69.0
1191,Dr,2019,1,2,,0.0
1192,Dr,2019,1,1,1.96,31.0
1193,Dr,2019,1,1,2.127777777777778,27.0
1194,A/Pr,2019,2,3,1.98,33.0
1195,Dr,2019,1,1,1.35,58.0
1196,Prof,2019,3,3,2.655454545454546,140.0
1197,Dr,2019,1,2,1.324545454545455,512.0
1198,Prof,2019,3,3,1.931818181818182,187.0
1199,Prof,2019,3,3,2.944545454545455,142.0
1200,Prof,2019,3,3,,
1201,Dr,2019,1,2,2.308,76.0
1202,Dr,2019,1,1,1.558333333333333,22.0
1203,Prof,2019,3,2,2.060909090909091,99.0
1204,Prof,2019,3,2,1.141818181818182,58.0
1205,Dr,2019,1,1,0.6900000000000001,2.0
1206,Prof,2019,3,3,,
1207,Dr,2019,1,2,2.813333333333333,40.0
1208,Dr,2019,1,2,1.917777777777778,38.0
1209,Dr,2019,1,1,1.024,27.0
1210,Dr,2019,1,1,3.188888888888888,15.0
1211,Prof,2019,3,3,2.437272727272727,251.0
1212,Dr,2019,1,1,6.604000000000001,52.0
1213,Dr,2019,1,1,,
1214,Prof,2019,3,3,1.784545454545454,148.0
1215,Prof,2019,3,3,2.523636363636364,106.0
1216,Prof,2019,3,3,2.046363636363636,109.0
1217,Dr,2019,1,1,2.721428571428572,46.0
1218,Dr,2019,1,1,,
1219,Prof,2019,3,3,0.345,5.0
1220,Prof,2019,3,3,1.919090909090909,178.0
1221,Dr,2019,1,1,,
1222,Prof,2019,3,3,2.553636363636364,107.0
1223,Prof,2019,3,3,14.62090909090909,241.0
1224,Mr,2019,0,1,1.53,33.0
1225,Dr,2019,1,3,4.143636363636364,85.0
1226,Ms,2019,0,1,2.235,22.0
1227,Dr,2019,1,1,,
1228,Dr,2019,1,1,0.1425,7.0
1229,Dr,2019,1,1,1.39,1.0
1230,Dr,2019,1,1,2.188571428571429,29.0
1231,Prof,2019,3,3,,
1232,Prof,2019,3,3,10.05363636363636,60.0
1233,Dr,2019,1,1,,
1234,Dr,2019,1,1,1.918571428571429,50.0
1235,A/Pr,2019,2,3,0.9499999999999998,3.0
1236,Prof,2019,3,3,6.167272727272728,149.0
1237,Dr,2019,1,1,1.774285714285714,35.0
1238,Dr,2019,1,1,0.615,6.0
1239,A/Pr,2019,2,2,2.673636363636363,99.0
1240,A/Pr,2019,2,2,2.773333333333333,44.0
1241,Prof,2020,3,3,1.941818181818182,342.0
1242,A/Pr,2020,2,2,,
1243,Dr,2020,1,1,0.0,1.0
1244,Prof,2020,3,3,2.422727272727272,232.0
1245,Prof,2020,3,3,1.840909090909091,193.0
1246,Prof,2020,3,3,2.863636363636364,207.0
1247,Dr,2020,1,3,4.231000000000001,43.0
1248,A/Pr,2020,2,2,1.704545454545455,119.0
1249,A/Pr,2020,2,3,1.826363636363637,126.0
1250,A/Pr,2020,2,2,2.793636363636363,136.0
1251,A/Pr,2020,2,2,1.240909090909091,79.0
1252,Prof,2020,3,3,1.570909090909091,167.0
1253,Prof,2020,3,3,2.587272727272727,366.0
1254,Dr,2020,1,2,1.48625,28.0
1255,A/Pr,2020,2,2,,
1256,A/Pr,2020,2,2,,
1257,Prof,2020,3,3,2.376363636363636,334.0
1258,Prof,2020,3,3,1.312727272727273,271.0
1259,Prof,2020,3,3,2.399090909090909,280.0
1260,Dr,2020,1,1,1.29,9.0
1261,Prof,2020,3,2,,
1262,Ms,2020,0,1,2.924,32.0
1263,Dr,2020,1,1,,
1264,Dr,2020,1,1,2.006,11.0
1265,Dr,2020,1,1,,
1266,Dr,2020,1,1,4.678333333333334,23.0
1267,Dr,2020,1,1,2.503636363636363,65.0
1268,Prof,2020,3,3,1.328571428571429,16.0
1269,Prof,2020,3,3,2.535454545454546,130.0
1270,Dr,2020,1,1,5.738888888888889,23.0
1271,A/Pr,2020,2,2,1.67,75.0
1272,Prof,2020,3,3,1.64,1.0
1273,Dr,2020,1,1,,
1274,Prof,2020,3,3,,
1275,Dr,2020,1,2,1.76,2.0
1276,Prof,2020,3,3,1.286363636363636,133.0
1277,Prof,2020,3,3,0.68,1.0
1278,Dr,2020,1,1,1.559,43.0
1279,Prof,2020,3,3,3.119090909090909,430.0
1280,Dr,2020,1,1,4.09125,47.0
1281,Prof,2020,3,3,2.036363636363636,347.0
1282,Prof,2020,3,3,1.938181818181818,140.0
1283,A/Pr,2020,2,3,,
1284,A/Pr,2020,2,3,2.469090909090909,123.0
1285,Prof,2020,3,3,1.872727272727273,111.0
1286,A/Pr,2020,2,3,1.975,45.0
1287,A/Pr,2020,2,2,1.175,2.0
1288,Dr,2020,1,1,1.61375,25.0
1289,Dr,2020,1,1,4.638,24.0
1290,A/Pr,2020,2,2,,
1291,Prof,2020,3,3,2.88,6.0
1292,Prof,2020,3,3,4.305454545454546,183.0
1293,Dr,2020,1,1,1.66,29.0
1294,Prof,2020,3,3,1.698181818181818,236.0
1295,Prof,2020,3,3,1.637272727272727,185.0
1296,Prof,2020,3,3,2.189090909090909,40.0
1297,A/Pr,2020,2,3,3.055,51.0
1298,Prof,2020,3,3,14.16636363636363,349.0
1299,Prof,2020,3,3,,
1300,Dr,2020,1,1,1.825454545454545,51.0
1301,Prof,2020,3,3,1.005,251.0
1302,Prof,2020,3,3,2.187272727272727,111.0
1303,Prof,2020,3,3,3.05090909090909,94.0
1304,Prof,2020,3,3,1.725454545454546,177.0
1305,Dr,2020,1,1,2.804285714285714,19.0
1306,A/Pr,2020,2,2,1.698181818181818,150.0
1307,Dr,2020,1,1,1.262,59.0
1308,Prof,2020,3,3,2.946363636363636,221.0
1309,Prof,2020,3,3,4.253636363636364,226.0
1310,Prof,2020,3,3,2.033636363636364,297.0
1311,Prof,2020,3,3,1.985454545454546,161.0
1312,Dr,2020,1,1,1.396666666666667,62.0
1313,Prof,2020,3,3,0.9727272727272727,83.0
1314,Dr,2020,1,1,1.041428571428572,27.0
1315,Prof,2020,3,2,2.44,136.0
1316,Dr,2020,1,1,6.732000000000002,33.0
1317,Dr,2020,1,1,0.9014285714285715,63.0
1318,Prof,2020,3,3,,
1319,A/Pr,2020,2,2,1.691818181818182,164.0
1320,Dr,2020,1,1,3.792222222222223,20.0
1321,Dr,2020,1,1,1.890909090909091,48.0
1322,Dr,2020,1,1,0.0,1.0
1323,A/Pr,2020,2,2,1.546363636363637,81.0
1324,A/Pr,2020,2,2,1.909090909090909,71.0
1325,Prof,2020,3,3,3.36,363.0
1326,A/Pr,2020,2,2,2.419090909090909,174.0
1327,Dr,2020,1,1,2.278181818181818,52.0
1328,Prof,2020,3,3,3.071818181818182,304.0
1329,Dr,2020,1,1,1.3,27.0
1330,Prof,2020,3,3,,
1331,A/Pr,2020,2,2,2.410909090909091,62.0
1332,Prof,2020,3,3,3.607272727272727,161.0
1333,Prof,2020,3,3,2.512727272727272,187.0
1334,Prof,2020,3,3,3.367272727272728,128.0
1335,Prof,2020,3,2,1.156363636363636,91.0
1336,Prof,2020,3,3,,
1337,Prof,2020,3,2,1.499090909090909,134.0
1338,Dr,2020,1,1,3.268571428571429,27.0
1339,Dr,2020,1,1,1.636,17.0
1340,Dr,2020,1,1,3.705,23.0
1341,Prof,2020,3,3,1.846363636363636,140.0
1342,Dr,2020,1,1,3.1,25.0
1343,Prof,2020,3,3,1.616363636363636,169.0
1344,Prof,2020,3,3,,
1345,Prof,2020,3,3,2.028181818181818,87.0
1346,Prof,2020,3,3,1.910909090909091,186.0
1347,Prof,2020,3,3,1.044,8.0
1348,Prof,2020,3,3,4.218181818181818,206.0
1349,Dr,2020,1,1,1.592727272727273,49.0
1350,Dr,2020,1,1,1.26,50.0
1351,Dr,2020,1,1,0.905,2.0
1352,Dr,2020,1,1,,
1353,A/Pr,2020,2,3,1.127272727272727,264.0
1354,Prof,2020,3,2,,0.0
1355,Dr,2020,1,2,2.080909090909091,105.0
1356,Prof,2020,3,3,1.667272727272727,140.0
1357,Dr,2020,1,2,,
1358,Prof,2020,3,3,0.6057142857142858,9.0
1359,Dr,2020,1,1,3.324,23.0
1360,Prof,2020,3,3,5.066363636363636,225.0
1361,Dr,2020,1,2,7.730999999999999,28.0
1362,Prof,2020,3,3,1.53,273.0
1363,Prof,2020,3,3,2.41,198.0
1364,A/Pr,2020,2,1,1.671818181818182,103.0
1365,Dr,2020,1,1,2.672,25.0
1366,Prof,2020,3,3,1.160909090909091,192.0
1367,Dr,2020,1,2,,
1368,Dr,2020,1,2,1.584285714285714,48.0
1369,Dr,2020,1,1,15.31875,53.0
1370,A/Pr,2020,2,2,1.431818181818182,60.0
1371,Dr,2020,1,1,1.897,48.0
1372,Prof,2020,3,3,,
1373,Prof,2020,3,3,1.04,13.0
1374,Prof,2020,3,3,0.7418181818181817,69.0
1375,Dr,2020,1,1,2.084444444444445,36.0
1376,Dr,2020,1,1,2.081,35.0
1377,Prof,2020,3,3,2.380909090909091,124.0
1378,A/Pr,2020,2,2,,
1379,A/Pr,2020,2,3,,
1380,Dr,2020,1,1,1.186666666666667,41.0
1381,A/Pr,2020,2,1,2.122857142857143,23.0
1382,Prof,2020,3,3,2.200909090909091,181.0
1383,Prof,2020,3,3,3.421818181818182,199.0
1384,Dr,2020,1,1,52.4775,46.0
1385,Prof,2020,3,3,2.385454545454545,187.0
1386,Dr,2020,1,1,1.5,35.0
1387,Prof,2020,3,3,1.821818181818182,133.0
1388,Prof,2020,3,3,4.882727272727273,515.0
1389,Dr,2020,1,1,3.179,49.0
1390,Prof,2020,3,3,1.525454545454545,95.0
1391,Dr,2020,1,1,0.7866666666666667,38.0
1392,Prof,2020,3,3,1.96,141.0
1393,Prof,2020,3,3,2.719090909090909,91.0
1394,Dr,2020,1,1,1.653,28.0
1395,A/Pr,2020,2,3,3.295454545454545,79.0
1396,Prof,2020,3,3,2.370909090909091,103.0
1397,Dr,2020,1,1,3.255555555555556,68.0
1398,Dr,2020,1,1,3.629090909090909,55.0
1399,Prof,2020,3,3,1.469090909090909,128.0
1400,Dr,2020,1,1,0.215,3.0
1401,A/Pr,2020,2,2,,
1402,Dr,2020,1,1,0.43,48.0
1403,Dr,2020,1,1,1.07,2.0
1404,Prof,2020,3,3,0.0,1.0
1405,Prof,2020,3,3,3.180909090909091,317.0
1406,A/Pr,2020,2,2,0.6116666666666667,9.0
1407,Dr,2020,1,1,1.536666666666667,46.0
1408,Prof,2020,3,3,,
1409,Dr,2020,1,1,18.04,64.0
1410,Dr,2020,1,1,2.043,37.0
1411,Dr,2020,1,2,2.342727272727272,37.0
1412,Dr,2020,1,2,4.357142857142858,13.0
1413,Dr,2020,1,2,,
1414,Dr,2020,1,1,2.8625,19.0
1415,Prof,2020,3,3,2.94,281.0
1416,Prof,2020,3,3,,
1417,Dr,2020,1,1,1.4925,45.0
1418,Prof,2020,3,3,4.444545454545454,58.0
1419,Prof,2020,3,3,9.807272727272728,68.0
1420,Dr,2020,1,1,2.89,17.0
1421,Ms,2020,0,1,2.837142857142857,24.0
1422,Prof,2020,3,3,2.466363636363636,244.0
1423,Dr,2020,1,2,4.421111111111111,21.0
1424,Dr,2020,1,1,3.364545454545454,65.0
1425,Prof,2020,3,3,0.6454545454545455,67.0
1426,Dr,2020,1,1,4.57,36.0
1427,Prof,2020,3,3,,
1428,Dr,2020,1,1,,0.0
1429,Dr,2020,1,1,1.315,17.0
1430,Dr,2020,1,2,2.258,20.0
1431,Dr,2020,1,1,,
1432,Dr,2020,1,2,,
1433,Prof,2020,3,3,2.81,72.0
1434,Prof,2020,3,3,14.89272727272727,
1435,Prof,2020,3,3,1.915454545454546,259.0
1436,Dr,2020,1,1,2.097777777777778,18.0
1437,A/Pr,2020,2,3,1.394545454545455,321.0
1438,Dr,2020,1,1,1.666666666666667,75.0
1439,Prof,2020,3,3,,
1440,Dr,2020,1,1,1.750909090909091,50.0
1441,Prof,2020,3,3,0.0,1.0
1442,A/Pr,2020,2,1,1.938181818181818,47.0
1443,Prof,2020,3,3,1.231818181818182,118.0
1444,Dr,2020,1,1,0.8300000000000001,26.0
1445,Prof,2020,3,3,1.240909090909091,88.0
1446,Dr,2020,1,1,2.001666666666666,27.0
1447,Prof,2020,3,3,7.475454545454546,129.0
1448,Prof,2020,3,3,2.059090909090909,224.0
1449,Dr,2020,1,1,1.696,74.0
1450,Dr,2020,1,1,1.55,24.0
1451,Dr,2020,1,1,1.507,98.0
1452,Prof,2020,3,3,1.750909090909091,279.0
1453,Dr,2020,1,1,3.46,3.0
1454,Dr,2020,1,1,1.39375,15.0
1455,Dr,2020,1,1,1.275,24.0
1456,Prof,2020,3,3,4.449090909090909,178.0
1457,Prof,2020,3,3,1.918181818181818,302.0
1458,Prof,2020,3,3,1.977777777777778,25.0
1459,Mr,2020,0,1,0.8433333333333333,29.0
1460,Prof,2020,3,3,3.927272727272727,115.0
1461,Prof,2020,3,3,1.979090909090909,201.0
1462,A/Pr,2020,2,2,2.722727272727273,63.0
1463,Prof,2020,3,3,,
1464,Prof,2020,3,3,2.5,100.0
1465,Dr,2020,1,1,0.2,1.0
1466,Prof,2020,3,3,42.51,88.0
1467,Dr,2020,1,1,1.06,18.0
1468,Prof,2020,3,3,1.699090909090909,70.0
1469,Prof,2020,3,3,1.073,26.0
1470,Dr,2020,1,1,1.44125,38.0
1471,Prof,2020,3,3,1.485454545454545,143.0
1472,Prof,2020,3,3,2.853636363636364,352.0
1473,Prof,2020,3,3,2.384545454545455,264.0
1474,Dr,2020,1,2,2.010909090909091,61.0
1475,A/Pr,2020,2,3,4.124,30.0
1476,A/Pr,2020,2,1,1.672222222222222,57.0
1477,Prof,2020,3,3,1.968,6.0
